{
  "raw_shape": [
    30000,
    25
  ],
  "clean_shape": [
    30000,
    24
  ],
  "train_shape": [
    24000,
    24
  ],
  "test_shape": [
    6000,
    24
  ],
  "train_target_balance": {
    "0": 0.778792,
    "1": 0.221208
  }
}