{
  "features": [
    "limit_bal",
    "sex",
    "education",
    "marriage",
    "age",
    "pay_0",
    "pay_2",
    "pay_3",
    "pay_4",
    "pay_5",
    "pay_6",
    "bill_amt1",
    "bill_amt2",
    "bill_amt3",
    "bill_amt4",
    "bill_amt5",
    "bill_amt6",
    "pay_amt1",
    "pay_amt2",
    "pay_amt3",
    "pay_amt4",
    "pay_amt5",
    "pay_amt6"
  ],
  "mean": [
    167418.54166666666,
    1.6047916666666666,
    1.8401041666666667,
    1.5601041666666666,
    35.39489583333334,
    -0.014322916666666666,
    -0.13776041666666666,
    -0.16859375,
    -0.22145833333333334,
    -0.27026041666666667,
    -0.2915625,
    50514.848333333335,
    48452.86994791667,
    46457.36765625,
    42866.175208333334,
    39904.590520833335,
    38347.249947916665,
    5617.105104166667,
    5890.502864583334,
    5239.5578125,
    4805.035572916667,
    4759.032135416666,
    5272.060885416667
  ],
  "scale": [
    129494.78524715426,
    0.4888953943301391,
    0.7446727396308432,
    0.5207486493654806,
    9.195463951362974,
    1.1173131181804679,
    1.1951425929987711,
    1.1963760825067804,
    1.166689564507438,
    1.1302336294692172,
    1.1491353888585467,
    72254.33297586236,
    69798.8680193767,
    67782.59338795669,
    63672.44976940928,
    60234.64775337151,
    58589.3726227609,
    16572.080657482926,
    20099.520662715546,
    17246.35120390782,
    15237.370678560983,
    14976.159955219893,
    18323.400577676373
  ],
  "eps": 1e-12
}