{
  "default": {
    "roc_auc": 0.7824489511569857,
    "pr_auc": 0.556657693344921,
    "precision": 0.4512847965738758,
    "recall": 0.6352675207234363,
    "f1_score": 0.5276995305164319
  },
  "best_thr": {
    "threshold": 0.5750990995692876,
    "roc_auc": 0.7824489511569857,
    "pr_auc": 0.556657693344921,
    "precision": 0.5242984257357974,
    "recall": 0.5772418990203466,
    "f1_score": 0.5494978479196556
  }
}