{
  "train": {
    "roc_auc": 0.8134814905079756,
    "f1_score": 0.49357011635027553,
    "precision": 0.7055322128851541,
    "recall": 0.3795441702768883,
    "pr_auc": 0.6079565562514923
  },
  "test": {
    "roc_auc": 0.7836931717117898,
    "f1_score": 0.4690997566909975,
    "precision": 0.6620879120879121,
    "recall": 0.3632253202712886,
    "pr_auc": 0.5605085372069369
  }
}