{
  "train": {
    "roc_auc": 0.7618144675833047,
    "f1_score": 0.41030927835051545,
    "precision": 0.64953080375357,
    "recall": 0.2998681484271991,
    "pr_auc": 0.5136591101862338
  },
  "test": {
    "roc_auc": 0.7451029023857332,
    "f1_score": 0.4026845637583893,
    "precision": 0.639344262295082,
    "recall": 0.293896006028636,
    "pr_auc": 0.5054512125329277
  }
}