{
  "roc_auc": 0.7847384750150419,
  "f1_score": 0.4684596577017115,
  "precision": 0.6671309192200557,
  "recall": 0.36096458176337604,
  "pr_auc": 0.560556471270083
}